<configuration>

    <!-- ConsoleAppender to print logs to the console -->
    <appender name="CONSOLE" class="ch.qos.logback.core.ConsoleAppender">
        <encoder>
            <pattern>%d{yyyy-MM-dd HH:mm:ss} [%thread] %-5level %logger{36} - %msg%n</pattern>
        </encoder>
    </appender>

    <!-- Root logger configuration -->
    <root level="info">
        <appender-ref ref="CONSOLE" />
    </root>

    <!-- Logger configuration for specific packages/classes -->
    <logger name="org.example.kafka.validator" level="info" />
    <logger name="org.apache.kafka" level="info" />
    <logger name="org.slf4j" level="info" />

</configuration>
